Workbook

Sheet Worksheet 1
A1: MSSV | B1: Hoten | C1: Lop
A2: 1111434 | B2: Lê Huỳnh Như | C2: DI11Y9A2
A3: 1111450 | B3: Sơn Sony | C3: DI11Y9A1
A4: A1200014 | B4: Võ Đông Triều | C4: CP1296C1
A5: A1200028 | B5: Lê Phong Cảnh | C5: CP1296C1
A6: A1200137 | B6: Trần Tấn Quốc | C6: CP1296C1
A7: B1204052 | B7: Nguyễn Thanh Phong | C7: DI1296A2
A8: B1204121 | B8: Nguyễn Thanh Thiện | C8: DI1295A1
A9: B1208601 | B9: Hồ Thị Huế Chi | C9: DI12Z6A2
A10: B1209103 | B10: Nguyễn Hoài Nam | C10: TC12Z5A1
A11: B1209107 | B11: Cao Tuấn Nguyên | C11: TC12Z5A1
A12: B1209144 | B12: Huỳnh Nhựt Thương | C12: TC12Z5A2
A13: B1302016 | B13: Nguyễn Phước Toàn | C13: XH13W9A1
A14: B1304488 | B14: Hồng Duy Hiệu | C14: DI13Z6A1
A15: B1304494 | B15: Kim Mel | C15: DI13Z6A1

Sheet Worksheet 2
A1: MSSV | B1: MaMH | C1: Diem
A2: 1111434 | B2: CT447 | C2: A
A3: 1111450 | B3: CT107 | C3: A
A4: A1200014 | B4: CT178 | C4: C
A5: A1200028 | B5: CT447 | C5: D
A6: A1200137 | B6: CT107 | C6: B
A7: B1204052 | B7: CT178 | C7: A
A8: B1204121 | B8: CT447 | C8: A
A9: B1208601 | B9: CT107 | C9: C
A10: B1209103 | B10: CT178 | C10: D
A11: B1209107 | B11: CT447 | C11: B
A12: B1209144 | B12: CT107 | C12: A
A13: B1302016 | B13: CT178 | C13: A
A14: B1304488 | B14: CT447 | C14: C
A15: B1304494 | B15: CT107 | C15: D
C16: B

Sheet Sheet1
A1: MSSV | B1: MaMH | C1: Diem | D1: Họ tên | E1: Lớp | F1: Tên môn học
A2: 1111434 | B2: CT447 | C2: A | D2: =VLOOKUP(A2, 'Worksheet 1'!$A$2:$C$15, 2, FALSE) -> Lê Huỳnh Như | E2: =VLOOKUP(A2, 'Worksheet 1'!$A$2:$C$15, 3, FALSE) -> DI11Y9A2 | F2: =VLOOKUP(A2, 'Worksheet 1'!$A$2:$C$15, 3, FALSE) -> DI11Y9A2
A3: 1111450 | B3: CT107 | C3: A | D3: =VLOOKUP(A3, 'Worksheet 1'!$A$2:$C$15, 2, FALSE) -> Sơn Sony | E3: =VLOOKUP(A3, 'Worksheet 1'!$A$2:$C$15, 3, FALSE) -> DI11Y9A1 | F3: =VLOOKUP(A3, 'Worksheet 1'!$A$2:$C$15, 3, FALSE) -> DI11Y9A1
A4: A1200014 | B4: CT178 | C4: C | D4: =VLOOKUP(A4, 'Worksheet 1'!$A$2:$C$15, 2, FALSE) -> Võ Đông Triều | E4: =VLOOKUP(A4, 'Worksheet 1'!$A$2:$C$15, 3, FALSE) -> CP1296C1 | F4: =VLOOKUP(A4, 'Worksheet 1'!$A$2:$C$15, 3, FALSE) -> CP1296C1
A5: A1200028 | B5: CT447 | C5: D | D5: =VLOOKUP(A5, 'Worksheet 1'!$A$2:$C$15, 2, FALSE) -> Lê Phong Cảnh | E5: =VLOOKUP(A5, 'Worksheet 1'!$A$2:$C$15, 3, FALSE) -> CP1296C1 | F5: =VLOOKUP(A5, 'Worksheet 1'!$A$2:$C$15, 3, FALSE) -> CP1296C1
A6: A1200137 | B6: CT107 | C6: B | D6: =VLOOKUP(A6, 'Worksheet 1'!$A$2:$C$15, 2, FALSE) -> Trần Tấn Quốc | E6: =VLOOKUP(A6, 'Worksheet 1'!$A$2:$C$15, 3, FALSE) -> CP1296C1 | F6: =VLOOKUP(A6, 'Worksheet 1'!$A$2:$C$15, 3, FALSE) -> CP1296C1
A7: B1204052 | B7: CT178 | C7: A | D7: =VLOOKUP(A7, 'Worksheet 1'!$A$2:$C$15, 2, FALSE) -> Nguyễn Thanh Phong | E7: =VLOOKUP(A7, 'Worksheet 1'!$A$2:$C$15, 3, FALSE) -> DI1296A2 | F7: =VLOOKUP(A7, 'Worksheet 1'!$A$2:$C$15, 3, FALSE) -> DI1296A2
A8: B1204121 | B8: CT447 | C8: A | D8: =VLOOKUP(A8, 'Worksheet 1'!$A$2:$C$15, 2, FALSE) -> Nguyễn Thanh Thiện | E8: =VLOOKUP(A8, 'Worksheet 1'!$A$2:$C$15, 3, FALSE) -> DI1295A1 | F8: =VLOOKUP(A8, 'Worksheet 1'!$A$2:$C$15, 3, FALSE) -> DI1295A1
A9: B1208601 | B9: CT107 | C9: C | D9: =VLOOKUP(A9, 'Worksheet 1'!$A$2:$C$15, 2, FALSE) -> Hồ Thị Huế Chi | E9: =VLOOKUP(A9, 'Worksheet 1'!$A$2:$C$15, 3, FALSE) -> DI12Z6A2 | F9: =VLOOKUP(A9, 'Worksheet 1'!$A$2:$C$15, 3, FALSE) -> DI12Z6A2
A10: B1209103 | B10: CT178 | C10: D | D10: =VLOOKUP(A10, 'Worksheet 1'!$A$2:$C$15, 2, FALSE) -> Nguyễn Hoài Nam | E10: =VLOOKUP(A10, 'Worksheet 1'!$A$2:$C$15, 3, FALSE) -> TC12Z5A1 | F10: =VLOOKUP(A10, 'Worksheet 1'!$A$2:$C$15, 3, FALSE) -> TC12Z5A1
A11: B1209107 | B11: CT447 | C11: B | D11: =VLOOKUP(A11, 'Worksheet 1'!$A$2:$C$15, 2, FALSE) -> Cao Tuấn Nguyên | E11: =VLOOKUP(A11, 'Worksheet 1'!$A$2:$C$15, 3, FALSE) -> TC12Z5A1 | F11: =VLOOKUP(A11, 'Worksheet 1'!$A$2:$C$15, 3, FALSE) -> TC12Z5A1
A12: B1209144 | B12: CT107 | C12: A | D12: =VLOOKUP(A12, 'Worksheet 1'!$A$2:$C$15, 2, FALSE) -> Huỳnh Nhựt Thương | E12: =VLOOKUP(A12, 'Worksheet 1'!$A$2:$C$15, 3, FALSE) -> TC12Z5A2 | F12: =VLOOKUP(A12, 'Worksheet 1'!$A$2:$C$15, 3, FALSE) -> TC12Z5A2
A13: B1302016 | B13: CT178 | C13: A | D13: =VLOOKUP(A13, 'Worksheet 1'!$A$2:$C$15, 2, FALSE) -> Nguyễn Phước Toàn | E13: =VLOOKUP(A13, 'Worksheet 1'!$A$2:$C$15, 3, FALSE) -> XH13W9A1 | F13: =VLOOKUP(A13, 'Worksheet 1'!$A$2:$C$15, 3, FALSE) -> XH13W9A1
A14: B1304488 | B14: CT447 | C14: C | D14: =VLOOKUP(A14, 'Worksheet 1'!$A$2:$C$15, 2, FALSE) -> Hồng Duy Hiệu | E14: =VLOOKUP(A14, 'Worksheet 1'!$A$2:$C$15, 3, FALSE) -> DI13Z6A1 | F14: =VLOOKUP(A14, 'Worksheet 1'!$A$2:$C$15, 3, FALSE) -> DI13Z6A1
A15: B1304494 | B15: CT107 | C15: D | D15: =VLOOKUP(A15, 'Worksheet 1'!$A$2:$C$15, 2, FALSE) -> Kim Mel | E15: =VLOOKUP(A15, 'Worksheet 1'!$A$2:$C$15, 3, FALSE) -> DI13Z6A1 | F15: =VLOOKUP(A15, 'Worksheet 1'!$A$2:$C$15, 3, FALSE) -> DI13Z6A1
C16: B

Sheet Worksheet 3
A1: MaMH | B1: TenMH | C1: TinChi
A2: CT447 | B2: Quan Tri He Thong | C2: 3
A3: CT107 | B3: He Dieu Hanh | C3: 3
A4: CT178 | B4: Nen tang CNTT | C4: 3
